order_id,customer_id,product,category,quantity,unit_price,discount,revenue,order_date,month,quarter
ORD00001,C0116,Webcam,Accessories,4,113.25,0.06,425.82,2023-06-28,June,Q2
ORD00002,C0302,Keyboard,Accessories,5,66.65,0.01,329.92,2023-12-08,December,Q4
ORD00003,C0492,Smartphone,Electronics,2,868.55,0.13,1511.28,2023-10-30,October,Q4
ORD00004,C0136,Smartphone,Electronics,2,394.23,0.11,701.73,2023-11-28,November,Q4
ORD00005,C0081,Laptop,Electronics,5,1208.52,0.09,5498.77,2023-02-07,February,Q1
ORD00006,C0017,Tablet,Electronics,3,315.24,0.14,813.32,2023-08-27,August,Q3
ORD00007,C0233,Smartphone,Electronics,3,712.43,0.16,1795.32,2023-06-18,June,Q2
ORD00008,C0321,Speaker,Audio,2,258.52,0.09,470.51,2023-12-09,December,Q4
ORD00009,C0279,Tablet,Electronics,3,459.05,0.17,1143.03,2023-11-10,November,Q4
ORD00010,C0037,Laptop,Electronics,3,965.92,0.12,2550.03,2023-11-02,November,Q4
ORD00011,C0423,Speaker,Audio,4,328.72,0.02,1288.58,2023-01-30,January,Q1
ORD00012,C0353,Smartwatch,Wearables,3,324.93,0.1,877.31,2023-07-09,July,Q3
ORD00013,C0253,Mouse,Accessories,1,24.83,0.18,20.36,2023-12-23,December,Q4
ORD00014,C0377,Monitor,Electronics,1,501.86,0.02,491.82,2023-01-25,January,Q1
ORD00015,C0493,Speaker,Audio,1,238.52,0.2,190.82,2023-04-22,April,Q2
ORD00016,C0345,Smartwatch,Wearables,2,294.06,0.09,535.19,2023-07-25,July,Q3
ORD00017,C0334,Mouse,Accessories,2,74.96,0.2,119.94,2023-07-04,July,Q3
ORD00018,C0224,Mouse,Accessories,4,78.14,0.07,290.68,2023-02-16,February,Q1
ORD00019,C0171,Monitor,Electronics,2,535.07,0.07,995.23,2023-08-16,August,Q3
ORD00020,C0356,Mouse,Accessories,4,37.29,0.16,125.29,2023-02-08,February,Q1
ORD00021,C0282,Laptop,Electronics,3,1254.83,0.05,3576.27,2023-01-16,January,Q1
ORD00022,C0060,Keyboard,Accessories,1,133.79,0.13,116.4,2023-01-22,January,Q1
ORD00023,C0278,Mouse,Accessories,2,44.79,0.1,80.62,2023-08-01,August,Q3
ORD00024,C0319,Mouse,Accessories,1,57.52,0.04,55.22,2023-11-06,November,Q4
ORD00025,C0282,Headphones,Accessories,4,235.53,0.18,772.54,2023-05-29,May,Q2
ORD00026,C0249,Smartphone,Electronics,5,317.32,0.16,1332.74,2023-08-29,August,Q3
ORD00027,C0364,Headphones,Accessories,1,112.15,0.11,99.81,2023-09-29,September,Q3
ORD00028,C0048,Tablet,Electronics,1,596.9,0.09,543.18,2023-02-28,February,Q1
ORD00029,C0061,Headphones,Accessories,3,149.68,0.1,404.14,2023-10-14,October,Q4
ORD00030,C0140,Keyboard,Accessories,4,130.17,0.05,494.65,2023-07-21,July,Q3
ORD00031,C0283,Headphones,Accessories,5,126.72,0.1,570.24,2023-02-01,February,Q1
ORD00032,C0451,Headphones,Accessories,3,222.81,0.15,568.17,2023-06-11,June,Q2
ORD00033,C0438,Keyboard,Accessories,5,70.79,0.05,336.25,2023-09-12,September,Q3
ORD00034,C0002,Smartwatch,Wearables,5,331.51,0.12,1458.64,2023-09-11,September,Q3
ORD00035,C0338,Mouse,Accessories,4,71.92,0.11,256.04,2023-01-09,January,Q1
ORD00036,C0177,Monitor,Electronics,5,475.96,0.08,2189.42,2023-05-19,May,Q2
ORD00037,C0478,Monitor,Electronics,2,634.8,0.11,1129.94,2023-01-10,January,Q1
ORD00038,C0120,Keyboard,Accessories,4,35.24,0.14,121.23,2023-08-02,August,Q3
ORD00039,C0416,Keyboard,Accessories,2,76.33,0.1,137.39,2023-09-30,September,Q3
ORD00040,C0019,Headphones,Accessories,5,150.46,0.07,699.64,2023-11-20,November,Q4
ORD00041,C0052,Mouse,Accessories,4,25.98,0.0,103.92,2023-02-17,February,Q1
ORD00042,C0074,Keyboard,Accessories,2,134.51,0.01,266.33,2023-04-21,April,Q2
ORD00043,C0401,Smartwatch,Wearables,4,234.64,0.13,816.55,2023-06-02,June,Q2
ORD00044,C0437,Monitor,Electronics,5,626.17,0.08,2880.38,2023-05-03,May,Q2
ORD00045,C0163,Mouse,Accessories,1,72.34,0.12,63.66,2023-12-23,December,Q4
ORD00046,C0121,Smartwatch,Wearables,1,399.36,0.09,363.42,2023-04-12,April,Q2
ORD00047,C0051,Smartphone,Electronics,3,566.21,0.18,1392.88,2023-08-29,August,Q3
ORD00048,C0024,Monitor,Electronics,3,598.07,0.07,1668.62,2023-11-17,November,Q4
ORD00049,C0221,Headphones,Accessories,4,98.84,0.11,351.87,2023-07-10,July,Q3
ORD00050,C0406,Headphones,Accessories,1,84.0,0.12,73.92,2023-08-05,August,Q3
ORD00051,C0196,Speaker,Audio,4,264.45,0.18,867.4,2023-02-20,February,Q1
ORD00052,C0074,Tablet,Electronics,3,384.46,0.09,1049.58,2023-10-19,October,Q4
ORD00053,C0342,Laptop,Electronics,4,1698.91,0.18,5572.42,2023-03-22,March,Q1
ORD00054,C0347,Webcam,Accessories,4,82.12,0.19,266.07,2023-03-29,March,Q1
ORD00055,C0301,Smartwatch,Wearables,4,309.73,0.14,1065.47,2023-07-13,July,Q3
ORD00056,C0234,Smartwatch,Wearables,4,199.8,0.17,663.34,2023-04-14,April,Q2
ORD00057,C0055,Tablet,Electronics,3,352.55,0.11,941.31,2023-09-28,September,Q3
ORD00058,C0359,Smartwatch,Wearables,4,155.48,0.05,590.82,2023-04-06,April,Q2
ORD00059,C0290,Laptop,Electronics,4,1710.62,0.17,5679.26,2023-07-17,July,Q3
ORD00060,C0463,Smartwatch,Wearables,2,343.94,0.12,605.33,2023-01-01,January,Q1
ORD00061,C0181,Tablet,Electronics,5,454.65,0.05,2159.59,2023-06-16,June,Q2
ORD00062,C0387,Headphones,Accessories,1,175.65,0.06,165.11,2023-05-06,May,Q2
ORD00063,C0226,Laptop,Electronics,2,1379.57,0.02,2703.96,2023-11-09,November,Q4
ORD00064,C0152,Monitor,Electronics,2,573.74,0.04,1101.58,2023-03-22,March,Q1
ORD00065,C0403,Webcam,Accessories,3,182.7,0.11,487.81,2023-09-08,September,Q3
ORD00066,C0468,Smartwatch,Wearables,3,357.62,0.18,879.75,2023-06-18,June,Q2
ORD00067,C0484,Mouse,Accessories,3,78.04,0.15,199.0,2023-03-14,March,Q1
ORD00068,C0174,Smartphone,Electronics,1,581.0,0.03,563.57,2023-05-21,May,Q2
ORD00069,C0495,Tablet,Electronics,4,544.06,0.19,1762.75,2023-03-11,March,Q1
ORD00070,C0412,Webcam,Accessories,4,111.21,0.0,444.84,2023-09-19,September,Q3
ORD00071,C0275,Smartphone,Electronics,3,572.87,0.12,1512.38,2023-12-06,December,Q4
ORD00072,C0422,Monitor,Electronics,2,254.17,0.09,462.59,2023-11-04,November,Q4
ORD00073,C0318,Webcam,Accessories,5,105.92,0.04,508.42,2023-09-02,September,Q3
ORD00074,C0033,Mouse,Accessories,3,74.56,0.13,194.6,2023-01-03,January,Q1
ORD00075,C0060,Headphones,Accessories,1,59.07,0.06,55.53,2023-12-03,December,Q4
ORD00076,C0253,Smartphone,Electronics,5,358.32,0.03,1737.85,2023-03-04,March,Q1
ORD00077,C0233,Monitor,Electronics,5,535.24,0.08,2462.1,2023-02-18,February,Q1
ORD00078,C0381,Headphones,Accessories,1,227.08,0.17,188.48,2023-03-17,March,Q1
ORD00079,C0316,Keyboard,Accessories,3,142.69,0.01,423.79,2023-06-24,June,Q2
ORD00080,C0190,Tablet,Electronics,2,377.35,0.17,626.4,2023-04-19,April,Q2
ORD00081,C0051,Monitor,Electronics,3,472.23,0.01,1402.52,2023-07-02,July,Q3
ORD00082,C0142,Tablet,Electronics,4,587.28,0.02,2302.14,2023-07-11,July,Q3
ORD00083,C0109,Speaker,Audio,1,342.2,0.16,287.45,2023-03-06,March,Q1
ORD00084,C0125,Headphones,Accessories,2,207.4,0.01,410.65,2023-12-03,December,Q4
ORD00085,C0392,Webcam,Accessories,2,89.0,0.16,149.52,2023-09-28,September,Q3
ORD00086,C0120,Monitor,Electronics,5,587.18,0.0,2935.9,2023-04-10,April,Q2
ORD00087,C0440,Headphones,Accessories,5,247.51,0.05,1175.67,2023-02-01,February,Q1
ORD00088,C0090,Smartphone,Electronics,1,696.63,0.03,675.73,2023-12-18,December,Q4
ORD00089,C0184,Tablet,Electronics,1,435.54,0.03,422.47,2023-05-08,May,Q2
ORD00090,C0027,Headphones,Accessories,5,198.34,0.02,971.87,2023-12-05,December,Q4
ORD00091,C0033,Mouse,Accessories,3,46.9,0.1,126.63,2023-02-12,February,Q1
ORD00092,C0056,Mouse,Accessories,5,50.23,0.01,248.64,2023-03-19,March,Q1
ORD00093,C0402,Webcam,Accessories,1,102.23,0.01,101.21,2023-11-10,November,Q4
ORD00094,C0246,Keyboard,Accessories,1,81.15,0.1,73.04,2023-10-16,October,Q4
ORD00095,C0466,Mouse,Accessories,1,24.41,0.06,22.95,2023-09-27,September,Q3
ORD00096,C0076,Smartphone,Electronics,5,375.71,0.13,1634.34,2023-06-11,June,Q2
ORD00097,C0281,Monitor,Electronics,5,390.45,0.11,1737.5,2023-07-08,July,Q3
ORD00098,C0233,Webcam,Accessories,1,144.76,0.16,121.6,2023-09-04,September,Q3
ORD00099,C0059,Webcam,Accessories,2,160.92,0.09,292.87,2023-08-04,August,Q3
ORD00100,C0455,Tablet,Electronics,4,365.53,0.08,1345.15,2023-11-11,November,Q4
